-- phpMyAdmin SQL Dump
-- version 4.7.7
-- https://www.phpmyadmin.net/
--
-- Хост: 127.0.0.1:3306
-- Час створення: Трв 06 2019 р., 00:43
-- Версія сервера: 5.6.38
-- Версія PHP: 5.6.32

SET SQL_MODE = "NO_AUTO_VALUE_ON_ZERO";
SET AUTOCOMMIT = 0;
START TRANSACTION;
SET time_zone = "+00:00";


/*!40101 SET @OLD_CHARACTER_SET_CLIENT=@@CHARACTER_SET_CLIENT */;
/*!40101 SET @OLD_CHARACTER_SET_RESULTS=@@CHARACTER_SET_RESULTS */;
/*!40101 SET @OLD_COLLATION_CONNECTION=@@COLLATION_CONNECTION */;
/*!40101 SET NAMES utf8mb4 */;

--
-- База даних: `BlogSQL`
--

-- --------------------------------------------------------

--
-- Структура таблиці `Article`
--

CREATE TABLE `Article` (
  `id` int(11) NOT NULL,
  `Name` varchar(511) NOT NULL,
  `Text` text NOT NULL,
  `Date` date NOT NULL,
  `Category_id` int(10) NOT NULL,
  `Views` int(11) NOT NULL DEFAULT '0',
  `Likes` int(11) NOT NULL DEFAULT '0',
  `Image` varchar(255) NOT NULL
) ENGINE=InnoDB DEFAULT CHARSET=utf8 COMMENT='Таблица статей';

--
-- Дамп даних таблиці `Article`
--

INSERT INTO `Article` (`id`, `Name`, `Text`, `Date`, `Category_id`, `Views`, `Likes`, `Image`) VALUES
(4, 'AMD показала настільні процесори Ryzen 3000', '<p> В ході виставки споживчої електроніки CES 2019, яка в ці дні проходить в Лас-Вегасі, компанія AMD анонсувала нові процесори Ryzen 3000 & mdash; перші чіпи для масових PC, виконані за технологією 7 нанометрів. На презентації показали інженерні версії чіпів, повноцінний анонс очікується на виставці Computex 2019 з 28 травня по 1 червня. Самі процесори базуються на мікроархітектурі Zen 2 і являють собою багатокристальні системи, або чіплети. Таким чином, не тільки Intel готує подібні рішення. На підкладці розміщені 7-нанометрові ядра, а також 14-нанометровий кристал з набором логіки. Вони пов\'язані між собою шиною Infinity Fabric. А ще чіпи отримають підтримку інтерфейсу PCIe 4.0. При цьому нові процесори будуть сумісними з сокетом AM4, тобто заміна материнської плати не буде потрібно. Компанія продемонструвала роботу чіпа в парі з відеокартою Radeon VII. Як & laquo; тестового майданчика & raquo; використовували гру Forza Horizon. В результаті система видала більше 110 FPS в дозволі 4K. </ p>', '2019-01-08', 2, 435, 3, '315872.jpg'),
(5, 'У Зеленського розповіли, хто в його преЗедентскій команді', '<p> Станом на 14:00 4 січня в команду керівника студії \"Квартал 95\" Володимира Зеленського, який оголосив, що балотуватиметься в президенти, висловили бажання приєднатися близько 330 тисяч осіб. Реєстрація бажаючих ведеться на сайті ze2019.com/team. Він почав працювати 1 січня і майже відразу піддався хакерській атаці & ndash; за півгодини на сайт прийшло 2,5 мільйона запитів. Як повідомляється на сторінці Зе! Команди в Facebook, половина заповнили анкети на сайті, & ndash; це молодь, в основному студенти. Також серед охочих працювати в команді Зеленського & ndash; IT- і Діджитал-фахівці, топ-менеджери і юристи, власники бізнесів і маркетологи, дизайнери та копірайтери, водії і навіть охоронці. Таких близько 15 тисяч чоловік і вони погодилися не просто допомогти під час виборів, а системно змінювати країну, працюючи і залучаючи власні ресурси. Ще близько 50 тисяч зареєстрованих висловили бажання спостерігати за виборчим процесом і захищати результат на 32 тисячах дільниць в межах всієї України. </ p>', '2019-01-23', 3, 145, 3, '1.webp'),
(12, 'Каньє Уест відмовився виступати на Coachella через те, що для нього не побудували окрему сцену', '<div> Популярний репер Каньє Уест, який повинен був стати одним з хедлайнерів музичного фестивалю Coachella, відмовився від виступу з-за того, що організатори відмовилися будувати для нього окрему сцену з куполом посеред території заходу. Причому виконавець поставив нові умови вже після того, як погодився брати участь, і за два дні до оголошення списку зірок. </ Div>\r\n<div>\r\n<div>\r\n<P> Організатори постаралися йому тактовно пояснити, що не встигнуть їх виконати, оскільки до початку фестивалю залишилося менше чотирьох місяців, а для побудови нової сцени потрібно заново проектувати майданчик, а також прибирати частину біотуалетів. У відповідь на це Уест роздратовано підкреслив, що він художник з творчим баченням, який не повинен витрачати свій час на розмови про туалетних кабінках. Тому замість нього тепер буде виступати поп-співачка Аріана Гранде. </ P>\r\n<P> Coachella пройде в 20 разів 12-14 і 19-21 квітня. Ось так виглядає список артистів, які виступатимуть на одному з найбільших музичних заходів. </ P>\r\n</ div>\r\n</ div>\r\n<Div class = \"c-detail_item image-node\" style = \"box-sizing: border-box; outline: none; font-family: Roboto, serif; margin: 15px auto; max-width: 700px; font-size: 14px; background-color: #ffffff; \"> <a class =\" db \"style =\" box-sizing: border-box; outline: none; background-color: transparent; -webkit-tap-highlight-color: transparent; color: # 000000; display: block; \" href = \"https://u.kanobu.ru/editor/images/57/42f570fa-3289-4a78-aba2-35abb1d474fb.jpg\" target = \"_ blank\" rel = \"noopener noreferrer\"> <img style = \"box- sizing: border-box; outline: none; border: 0px; vertical-align: top; display: block; max-width: 100%; height: auto; margin: 0px auto; \" title = \"Каньє Уест відмовився виступати на Coachella через те, що для нього не побудували окрему сцену | Канобу - Зображення 2\" src = \"https://i16.kanobu.ru/r/a43b031b4c57350efeedfac7ee5558bc/1040x-/u.kanobu .ru / editor / images / 57 / 42f570fa-3289-4a78-aba2-35abb1d474fb.jpg \"alt =\" Каньє Уест відмовився виступати на Coachella через те, що для нього не побудували окрему сцену | Канобу - Зображення 2 \"/> </a> </ div>', '2019-01-14', 4, 38, 1, 'kek.jpg'),
(25, 'Еліна Світоліна - спортсмен 2018 року в Україні', '<p>З 24-го грудня і по 14 -січень читачі Sport.ua мали &amp; nbsp; <a href=\"https://sport.ua/news/420312-vybiraem-luchshego-sportsmena-ukrainy-2018-vmeste\" target=\"_ blank\" rel=\"noopener\"> можливість &amp; nbsp; </a> проголосувати за найкращого, на їхню думку, спортсмена (або спортсменку) 2018 го року. У нашому опитуванні взяло участь 959 зареєстрованих користувачів порталу. &lt;/ P&gt;</p>\r\n<p>Претендентів, гідних звання кращого спортсмена року, було як ніколи багато. Наші читачі віддали перемогу тенісистці Еліна Світоліной, за яку проголосувало 31.98% респондентів. Друге місце зайняв абсолютний чемпіон світу в крузервейт Олександр Усик &amp; ndash; він набрав 23.75% голосів. А третім став олімпійський чемпіон Пхенчхана &amp; ndash; фристайлист Олександр Абраменко. У нього &amp; ndash; 22.29% відсотка голосів. &lt;/ P&gt;</p>\r\n<p>Зазначимо, що Еліна Світоліна, яка виграла в 2018 м Підсумковий турнір, претендувала на перемогу в нашому голосуванні і в минулому році, але лише &amp; nbsp; <a href=\"https://sport.ua/news/368446-vasiliy-lomachenko-sportsmen-2017-goda-v-ukraine\" target=\"_ blank\" rel=\"noopener\"> трохи поступилася Василю Ломаченку. &amp; nbsp; &lt;/ a &gt; Але на цей раз Еліна перемогла з ваговим відривом. &lt;/ p&gt;</a></p>\r\n<p>Отже, найкращим спортсменом 2018 року по думку читачів Sport.uа стала &amp; nbsp; Еліна Світоліна!&nbsp;</p>\r\n<p>Підсумки голосування:&nbsp;</p>\r\n<p><strong style=\"margin: 0px; padding: 0px;\"> <img src=\"https://pic.sport.ua/media/images/elina.png\" /> <br /><br /></strong></p>', '2019-01-15', 1, 34, 2, 'sport.jpg'),
(26, 'Як чотириногі друзі допомагають українським захисникам під час війни', '<h1> Передмова </h1>\r\n Чи не щодня ворог обстрілює позиції ВСУ. Традиційно неспокійно і поблизу Авдіївки. Недалеко від Донецької фільтрувальної станції українську армію постійно провокують відкривати вогонь. Військові, які захищають ці позиції, вже звикли до обстрілу. \r\n\r\n Бійці розповідають, що ворог тут постійно провокує нашу армію, стріляючи з-під самої станції. Хочуть, щоб воїни ООС відкрили вогонь по станції, але українські військовослужбовці не втрачають пильності, а навпаки. \r\n\r\n Воїни помітили, що іноді розвідувальні групи терористів підходять дуже близько. Правда, потім їм доводиться швидко тікати. \r\n Для виявлення терористів українські військові використовують не тільки техніку, тепловізори і нічники, а й намагаються тримати при собі чотириногих друзів. Зрештою техніку можна обдурити, а собачий нюх & ndash; немає. \r\n Сигнал є сигналом. Собака завжди в таких ситуаціях працює краще техніки. Вона відчуває, з якого боку треба чекати атаки. Починає гавкати і нервувати так і попереджає нас, сказав військовослужбовець ЗСУ \"Пастух\" <br>\r\n <img src = \"https://24tv.ua/resources/photos/news/620_DIR/201904/1138360_7222244.jpg?201904004753\" alt = \"Українські захисники намагають тримати при Собі чотірілапіх друзів\" /> <br /> <em> Українські захисники намагаються тримати при собі чотириногих друзів </ em> </ p>\r\n<P> Тиша тут настає двічі на добу. Коли по дорозі, яка розташована прямо перед позиціями воїнів Об\'єднаних сил, проїжджає автобус з окупованої Ясинуватої. У ньому в супроводі & nbsp; представників СЦКК і терористів в російській військовій формі направляється зміна на фільтрувальну станцію. У такі хвилини тиші хлопці беруться за інженерні роботи, або телефонують рідним. \r\n\r\n', '2019-04-20', 5, 127, 2, '1138360_7222244.jpg'),
(27, 'У космосі знайшли найдавніший тип молекул у Всесвіті', '<P> Виявлення найдавнішого типу молекули у Всесвіті підтверджує теорії про розвиток хімії в перші часи після Великого вибуху. Вважається, що позитивно заряджена молекула під назвою гідрид гелію (HeH +) зіграла ключову роль на початку історії, сформувавшись в після того, як атом гелію розділив свої електрони з протоном водню. Ця взаємодія призвело до появи першої у Всесвіті молекули і хімічної сполуки. Крім того, її поява в часи охолодження після Великого Вибуху відкрило & nbsp; шлях для формування молекул водню. Читайте також У космосі захисна складова ДНК старіє швидше Як пише The Guardian, гідрид гелію синтезували в лабораторних умовах майже сто років тому. Але в космосі до цього часу його не знаходили, незважаючи на прогнози, що він повинен бути в газових хмарах, з яких зароджуються зірки. Крім того, гідрид гелію повинен міститися в газі, який з\'являється після смерті зірки. \"Хоча важливість молекули на Землі сьогодні обмежена, хімія Всесвіту почалася саме з цього іона. Відсутність точних доказів його існування в міжзоряному просторі створювало & nbsp; дилему для астрономії\", - пояснили автори дослідження. Читайте також У Сонячній системі існуючого астероїди-вулкани з розпеченого металу Тепер вчені говорять, що нарешті виявили з\'єднання в невеликий, але яскравою 600-річної планетарної Небуле & nbsp; за три тисячі світлових років від сузір\'я Лебедя. І хоча виявлений гідрид гелію сформувався в результаті процесів, відмінних від & nbsp; ранньому Всесвіті, команда дослідників переконана, що він все одно підтверджує теорії про \"зародження хімії\" і завершує дослідження, яке тривало десятиліттями. </ P>', '2019-04-20', 2, 39, 2, '1509092203-9003.jpg'),
(28, 'Суд принял еще одно решение по ПриватБанку в пользу Коломойского  ', '<p>По информации регулятора, решение суда может дать связанным с бывшими акционерами банка лицам основания для взыскания с финучреждения средств, возвращенных государством в капитал банка в ходе его национализации.</p>\r\n<h2>История</h2>\r\n<p>Окружной административный суд Киева принял очередное решение в пользу прежнего владельца национализированного в 2016 году \"ПриватБанка\", отменив решение Национального банка Украины о перечне связанных лиц финансового учреждения. Читайте также Возможна ренационализация &laquo;ПриватБанка&raquo;: как отреагировал рынок Как сообщается на сайте НБУ, отмененное решение является одним из основных для проведенной в ходе национализации банка процедуры \"bail-in\" - обмена средств связанных с банком лиц на акции финучреждения с их последующей продажей Министерству финансов Украины. По информации регулятора, решение суда может дать связанным с бывшими акционерами банка лицам основания для взыскания с финучреждения средств, возвращенных государством в капитал банка в ходе его национализации. \"Решение суда пока не вступило в законную силу и, безусловно, в ближайшее время будет обжаловано нами в апелляционном порядке\", - приводятся в сообщении слова представителя юридического департамента НБУ Виктора Григорчука. Также сообщается, что суд принял решение на основании иска подконтрольной бывшему акционеру банка Игорю Коломойскому кипрской компании Triantal Investments Ltd, который полностью удовлетворил. Справка УНИАН. Кабинет министров принял решение национализировать \"ПриватБанк\" в декабре 2016 года, руководствуясь рекомендациями Совета национальной безопасности и обороны. До национализации ключевыми акционерами банка были бизнесмен Игорь Коломойский и его партнер Геннадий Боголюбов. Окружной административный суд Киева 18 апреля признал противоправным и отменил решение 2016 года о выведении неплатежеспособного \"ПриватБанка\" с рынка с участием государства. Полный текст решения суд обещает огласить в течение десяти дней. Согласно совместному заявлению НБУ, Министерства финансов и \"ПриватБанка\", возврат финучреждения его прежним владельцам посредством отмены решения о национализации невозможен. Также в НБУ сообщили о намерениях подать апелляцию на решение суда в установление сроки, или в течение 30 дней с момента получения полного текста судебного решения. Международные партнеры Украины, включая Европейский банк реконструкции и развития, Всемирный банк и посольство США, выступили с заявлениями о поддержке национализации \"ПриватБанка\", а также о важности возмещения убытков бывшими владельцами обанкротившихся банков и намерениях тщательно следить за событиями в этой сфере.</p>', '2019-04-20', 6, 29, 2, '1531375704-4234.jpg'),
(29, 'Подорожчання закордонних паспортів та ID-карток: наскільки зросте ціна документів', '<p>З 1 липня 2019 року вартість оформлення паспорта громадянина України у вигляді ID-картки та паспортів для виїзду за кордон зросте.</p>\r\n<p>Згідно з&nbsp;<a href=\"https://pasport.org.ua/news/item/876-z-1-lypnia-zminytsia-vartist-oformlennia-biometrychnykh-dokumentiv\">інформацією</a>&nbsp;державного підприємства \"Документ\", уряд прийняв рішення про підвищення вартості адміністративних послуг та бланків при оформленні паспортів.</p>\r\n<p>Сума адмінзбору складає частину вартості оформлення документів, друга частина &mdash; послуги підприємства, які зараз коштують 400 гривень.</p>\r\n<p>З 1 липня вартість адмінзбору буде такою:</p>\r\n<p>При нетерміновому оформленні ID-картки (до 20 робочих днів) - 345 гривень замість нинішніх 279 гривень.</p>\r\n<p>При оформленні ID-картки (до 10 робочих днів) - 471 гривня замість 366 гривень.</p>\r\n<p>При нетерміновому оформленні закордонного паспорта (до 20 робочих днів) - 682 гривні замість 557,32 гривні.</p>\r\n<p>При оформленні закордонного паспорта (до 7 робочих днів) - 1 034 гривні, раніше 810,32 гривні.</p>\r\n<figure><img src=\"https://ichef.bbci.co.uk/news/624/cpsprodpb/A8B8/production/_106629134_951ccd9a-c57a-4f54-90b6-b0b31371642b.jpg\" alt=\"Паспорт\" width=\"976\" height=\"549\" data-highest-encountered-width=\"624\" />Копирайт изображенияDMSU.GOV.UA</figure>\r\n<p>Таким чином, при збереженні вартості послуг підприємства, нетермінове оформлення закордонного біометричного паспорта обійдеться у 1 082 гривні, замість нинішніх 957,32 гривні.</p>\r\n<p>У підприємстві зазначають, що вартість оформлення документів зросла вперше з 2016 року. Частина отриманих додатково коштів (близько 200 мільйонів гривень) піде до місцевих бюджетів у 2019 році.</p>\r\n<h2>Перерва у видачі паспортів</h2>\r\n<p>З вечора 27 квітня по ранок 2 травня Державна міграційна служба припинила видачу закордонних паспортів та ID-карток.</p>\r\n<p>У відомстві&nbsp;<a href=\"https://dmsu.gov.ua/news/dms/4501.html\">повідомляють</a>, що планують у цей період провести роботи з технічного обслуговування обладнання, яке відповідає за роботу системи з видачі документів.</p>', '2019-04-28', 4, 9, 2, 'passp_106629131_unian_778708.jpg'),
(30, 'У Бразилії \"затримали\" папугу, який попереджав наркодилерів про поліцейські рейди', '<p id=\"newsAnnotation\">У бразильському містечку Віла Ірма Дульс під час рейду поліції на наркопритон арештували не тільки злочинців, але й папугу, який проходить у справі як їхній спільник.</p>\r\n<div id=\"newsSummary\">\r\n<p>Справа у тому, що наркодилери навчили птаха вигукувати \"Мамо, поліція!\" при наближенні правоохоронців до будівлі, де місцева пара торгувала наркотиками, пише&nbsp;<a href=\"https://www.theguardian.com/world/2019/apr/24/brazil-drug-parrot-trained-as-lookout-for-dealers?ref=tjournal.ru\" target=\"_blank\" rel=\"nofollow noopener\">The Guardian</a>.&nbsp;</p>\r\n<p>&nbsp;</p>\r\n<p>За такою схемою папуга діяв і цього разу. Проте після того, як операція закінчилась птах не вимовив жодного слова, хоч і бачив довкола себе багато людей у поліцейській формі.&nbsp;</p>\r\n<p>Птаха передали до місцевого зоопарку. Там він проведе близько трьох місяців, аби наново навчитись літати. Після цього папугу випустять на волю.&nbsp;</p>\r\n<p>Видання зазначає, що згаданий \"поплічник\" поповнив список тварин, птахів і рептилій, яких використовують у своєму бізнесі наркодилери. Наприклад, у 2008 році під час рейду ганстерський притон у Ріо-де-Жанейро поліція \"арештувала\" двох алігаторів, яким бандити начебто згодовували трупи ворогів. Проте батько одного зі злочинців заперечив, заявивши, що ті спробували таке зробити, але алігатори трупи їсти не стали.&nbsp;</p>\r\n</div>\r\n<p>&nbsp;</p>', '2019-04-30', 5, 7, 2, 'popugaj_d_850.jpg'),
(31, 'У Газпромі допустили затримку з будівництвом Північного потоку-2', '<div>\r\n<h2>Заступник начальника департаменту зовнішньоекономічної діяльності російського монополіста Газпром Дмитро Хандога заявив про можливі затримки завершення будівництва газопроводу Північний потік-2.</h2>\r\n</div>\r\n<p>Він нагадав, що Енергетичне агентство Данії зажадало від проектної компанії подати ще одну заявку на обходження острова Борнхольм, поблизу якого будується газопровід, передає&nbsp;ТАСC&nbsp;.&nbsp;</p>\r\n<div>&nbsp;</div>\r\n<div>&nbsp;</div>\r\n<p>\"Таким чином, зараз на розгляді датської влади знаходяться три заявки по маршруту укладання газопроводу: в територіальних водах та виключної економічної зони Данії\", - заявив Хандога.</p>\r\n<p>Представник Газпрому все ж висловив надію, що будівництво буде завершено до кінця 2019 року, та зазначив, що наразі укладено 1125 кілометрів трубопроводу.</p>', '2019-04-30', 6, 6, 1, 'imagee.jpg'),
(32, 'Стрічка «Месники: Завершення» встановила ще один рекорд', '<p id=\"newsAnnotation\">Четверта частина &laquo;Месників&raquo; зібрала $100 млн в американському прокаті за 17 годин. Така швидкість стала рекордною: попередній лідер &ndash; фільм &laquo;Зоряні війни: Епізод 7 &ndash; Пробудження Сили&raquo; заробив у прокаті США $100 млн за 21 годину.</p>\r\n<p id=\"newsAnnotation\">&nbsp;</p>\r\n<p id=\"newsAnnotation\">І це окремо від того, що за перший день прокату 25 квітня (у США фільм стартував 26 квітня) стрічка студії Marvel зібрала загалом $169 млн.</p>\r\n<p id=\"newsAnnotation\">&nbsp;</p>\r\n<p id=\"newsAnnotation\">Така динаміка дає підстави вважати, що у США фільм збере $330-340 млн за підсумками прем&rsquo;єрних вихідних. Такі цифри значно більші, аніж найоптимістичніші прогнози.</p>\r\n<p id=\"newsAnnotation\">&nbsp;</p>\r\n<p id=\"newsAnnotation\">Завдяки фантастичному старту &laquo;Месників 4&raquo; в американському прокаті може бути зафіксовано ще одне найкраще досягнення &ndash; найкасовіший вікенд. Лідером в цьому рейтингу був прем&rsquo;єрний вікенд у момент виходу картини &laquo;Месники 3: Війна нескінченності&raquo; ($314 млн). Зараз мова йде про досягнення позначки $400 млн.&nbsp;</p>', '2019-04-30', 4, 9, 1, '31386avengers.jpg');

-- --------------------------------------------------------

--
-- Структура таблиці `Category`
--

CREATE TABLE `Category` (
  `id` int(10) NOT NULL,
  `Category` varchar(255) NOT NULL,
  `Image` varchar(255) NOT NULL
) ENGINE=InnoDB DEFAULT CHARSET=utf8 COMMENT='Категории';

--
-- Дамп даних таблиці `Category`
--

INSERT INTO `Category` (`id`, `Category`, `Image`) VALUES
(1, 'Спорт', 'sport.jpg'),
(2, 'Технології', 'technology.jpg'),
(3, 'Політика', 'politics.jpeg'),
(4, 'Лайфстайл', 'lifestyle.jpg'),
(5, 'Тварини', 'animals.jpg'),
(6, 'Економіка', 'economics.png');

-- --------------------------------------------------------

--
-- Структура таблиці `Comment`
--

CREATE TABLE `Comment` (
  `id` int(11) NOT NULL,
  `Text` text NOT NULL,
  `Date` date NOT NULL,
  `Article_id` int(11) NOT NULL,
  `User_id` int(11) NOT NULL
) ENGINE=InnoDB DEFAULT CHARSET=utf8;

--
-- Дамп даних таблиці `Comment`
--

INSERT INTO `Comment` (`id`, `Text`, `Date`, `Article_id`, `User_id`) VALUES
(1, 'Отличная статья', '2019-01-27', 4, 4),
(2, '<p>Олды тут?</p>', '2019-01-31', 25, 4),
(3, '<p>Мне понравилась</p>', '2019-02-10', 4, 4),
(4, '<p style=\"text-align: center;\">павпавп</p>', '2019-04-14', 5, 4),
(5, '<p>Офигеть.Обожаю животных</p>', '2019-04-20', 26, 4),
(6, '<p>Вот это да</p>', '2019-04-23', 28, 4),
(7, '<p>Как тебе такое,Илон Маск?</p>', '2019-04-23', 27, 4),
(9, '<p>Лайк если любите собак,посмотрим сколько нас</p>', '2019-04-23', 26, 6),
(10, '<p>Зеленський президент від народу</p>', '2019-04-27', 5, 4);

-- --------------------------------------------------------

--
-- Структура таблиці `Likes`
--

CREATE TABLE `Likes` (
  `id` int(11) NOT NULL,
  `Article_id` int(11) NOT NULL,
  `User_id` int(11) NOT NULL
) ENGINE=InnoDB DEFAULT CHARSET=utf8;

--
-- Дамп даних таблиці `Likes`
--

INSERT INTO `Likes` (`id`, `Article_id`, `User_id`) VALUES
(5, 4, 3),
(12, 5, 3),
(17, 25, 3),
(31, 5, 4),
(39, 26, 4),
(53, 12, 4),
(55, 28, 4),
(61, 4, 4),
(62, 26, 6),
(63, 27, 6),
(64, 27, 4),
(65, 4, 6),
(66, 28, 6),
(67, 5, 6),
(68, 29, 4),
(69, 29, 6),
(70, 30, 4),
(71, 32, 4),
(72, 30, 6),
(73, 31, 4),
(74, 25, 4);

-- --------------------------------------------------------

--
-- Структура таблиці `Role`
--

CREATE TABLE `Role` (
  `id` int(11) NOT NULL,
  `Role` varchar(255) NOT NULL
) ENGINE=InnoDB DEFAULT CHARSET=utf8;

--
-- Дамп даних таблиці `Role`
--

INSERT INTO `Role` (`id`, `Role`) VALUES
(1, 'Адміністратор'),
(2, 'Модератор'),
(3, 'Користувач');

-- --------------------------------------------------------

--
-- Структура таблиці `User`
--

CREATE TABLE `User` (
  `id` int(255) NOT NULL,
  `Nickname` varchar(255) NOT NULL,
  `Password` varchar(255) NOT NULL,
  `EMail` varchar(255) NOT NULL,
  `Role_id` int(255) NOT NULL,
  `Avatar` varchar(255) NOT NULL
) ENGINE=InnoDB DEFAULT CHARSET=utf8;

--
-- Дамп даних таблиці `User`
--

INSERT INTO `User` (`id`, `Nickname`, `Password`, `EMail`, `Role_id`, `Avatar`) VALUES
(1, 'Rodion98admin', 'qwerty', 'admin@gmail.com', 1, 'avatar.jpeg'),
(2, 'Rodion98Moder', 'qwerty', 'moder@gmail.com', 2, 'avatar.jpeg'),
(3, 'Rodion98User', '$2y$10$fdijhsogewr980yt6fhgjeVJeHS6SEmAYJetrfkfGe6G493LQCJ9O', 'user@gmail.com', 3, 'avatar.jpeg'),
(4, 'Makarenkor', '$2y$10$fdijhsogewr980yt6fhgjewieq3q.Cw9G0izmSl1t23ZWqgM2JoZO', 'zerofob100500@gmail.com', 1, '283061525374264_7f85e7b.jpeg'),
(5, 'qwerty', '$2y$10$fdijhsogewr980yt6fhgjemYMOpPak91ipcCnR4g4VBW6XQQliZgy', 'ewqrert@gmil.com', 3, 'avatar.jpeg'),
(6, 'OnDrey', '$2y$10$fdijhsogewr980yt6fhgjehZgGoornobyCTIhNUKlwTEJ8qKiJ3F2', 'ondrey@gmail.com', 3, '19700anonymous_steam_avatars-1-1.jpg');

--
-- Індекси збережених таблиць
--

--
-- Індекси таблиці `Article`
--
ALTER TABLE `Article`
  ADD PRIMARY KEY (`id`);

--
-- Індекси таблиці `Category`
--
ALTER TABLE `Category`
  ADD PRIMARY KEY (`id`),
  ADD UNIQUE KEY `Category` (`Category`);

--
-- Індекси таблиці `Comment`
--
ALTER TABLE `Comment`
  ADD PRIMARY KEY (`id`);
ALTER TABLE `Comment` ADD FULLTEXT KEY `Text` (`Text`);

--
-- Індекси таблиці `Likes`
--
ALTER TABLE `Likes`
  ADD PRIMARY KEY (`id`);

--
-- Індекси таблиці `Role`
--
ALTER TABLE `Role`
  ADD PRIMARY KEY (`id`);

--
-- Індекси таблиці `User`
--
ALTER TABLE `User`
  ADD PRIMARY KEY (`id`),
  ADD UNIQUE KEY `Nickname` (`Nickname`),
  ADD UNIQUE KEY `E-Mail` (`EMail`);

--
-- AUTO_INCREMENT для збережених таблиць
--

--
-- AUTO_INCREMENT для таблиці `Article`
--
ALTER TABLE `Article`
  MODIFY `id` int(11) NOT NULL AUTO_INCREMENT, AUTO_INCREMENT=33;

--
-- AUTO_INCREMENT для таблиці `Category`
--
ALTER TABLE `Category`
  MODIFY `id` int(10) NOT NULL AUTO_INCREMENT, AUTO_INCREMENT=7;

--
-- AUTO_INCREMENT для таблиці `Comment`
--
ALTER TABLE `Comment`
  MODIFY `id` int(11) NOT NULL AUTO_INCREMENT, AUTO_INCREMENT=11;

--
-- AUTO_INCREMENT для таблиці `Likes`
--
ALTER TABLE `Likes`
  MODIFY `id` int(11) NOT NULL AUTO_INCREMENT, AUTO_INCREMENT=75;

--
-- AUTO_INCREMENT для таблиці `Role`
--
ALTER TABLE `Role`
  MODIFY `id` int(11) NOT NULL AUTO_INCREMENT, AUTO_INCREMENT=4;

--
-- AUTO_INCREMENT для таблиці `User`
--
ALTER TABLE `User`
  MODIFY `id` int(255) NOT NULL AUTO_INCREMENT, AUTO_INCREMENT=7;
COMMIT;

/*!40101 SET CHARACTER_SET_CLIENT=@OLD_CHARACTER_SET_CLIENT */;
/*!40101 SET CHARACTER_SET_RESULTS=@OLD_CHARACTER_SET_RESULTS */;
/*!40101 SET COLLATION_CONNECTION=@OLD_COLLATION_CONNECTION */;
